NOMBRE DEL ATM;lat;lon
11 De Noviembre;10,992679;-74,7918232
14 Paso Ancho;3,4516467;-76,5319854
20 De Julio;4,568412;-74,1017183
20 De Julio II;4,568412;-74,1017183
Acacias;3,9846721;-73,7623894
Acacias II;3,9846721;-73,7623894
Acopi;3,4806609;-76,5218056
Acueducto Bucaramanga;7,1305213;-73,1096962
Aerop.Palonegro;7,127977;-73,181006
Aeropuerto Cali;3,5439613;-76,3840645
Aeropuerto Cúcuta;7,9271798;-72,5081768
Aeropuerto El Dorado;4,7014128;-74,1444969
Aeropuerto Ernesto Cortizo;10,8866016;-74,776425
Aeropuerto Rafael Núñez;10,4224888;-75,5503278
Aeropuerto Rionegro;6,1707634;-75,4276201
Aeropuerto San Andrés;12,5834746;-81,6982909
Aeropuerto Santa Marta;11,2403547;-74,2110227
Aeropuerto Valledupar;10,4336195;-73,2477882
Aeropuerto El Dorado T2;4,7014128;-74,1444969
Agencia Albania 1;11,160651;-72,591907
Agencia Albania 2;11,160651;-72,591907
Agencia Villagarzon II;1,0336615;-76,6177844
Aguas De Manizales;5,075665;-75,5190866
Aguazul 1;5,170847;-72,550819
Aguazul 2;5,170847;-72,550819
Álamos;4,6871057;-74,1143435
Albania-Cerrejón 1;11,160651;-72,591907
Albania-Cerrejón 2;11,160651;-72,591907
Albania-Cerrejón 3;11,160651;-72,591907
Alcaldía De Medellín;6,2448274;-75,5721031
Almacén Sao Popayan;2,4464866;-76,6058685
Almendros 1;2,9289619;-75,2872013
Almendros 2;2,9289619;-75,2872013
Almendros 3;2,9289619;-75,2872013
Alquería;4,6771374;-74,0654726
Alto Prado 1;11,002099;-74,8076228
Ambala 1;4,4524025;-75,2444417
Ambala 2;4,4524025;-75,2444417
Apartado 1;7,8799716;-76,6333145
Apartado 2;7,8799716;-76,6333145
Apartado 3;7,8799716;-76,6333145
Apartado 4;7,8799716;-76,6333145
Apuestas 8A;4,5324505;-75,6737145
Aracataca;10,5932339;-74,1925312
Arauca 1;7,0856427;-70,7567824
Arauca 2;7,0856427;-70,7567824
Arauca 3;7,0856427;-70,7567824
Arauquita;7,0267739;-71,4311584
Arjona;10,3863505;-75,4664019
Armada;4,6448717;-74,09632
Armada Cámara De Oficiales;4,6599007;-74,1044627
Armenia Carrera 13;4,533936;-75,6708967
Armenia Centro III;4,5340736;-75,6737144
Armenia Ctro 1;4,5340736;-75,6737144
Armenia Ctro 2;4,5340736;-75,6737144
Armenia Norte;4,5346485;-75,6711218
Austin Reed;4,8087174;-75,690601
Autopista Calle 184;4,7607703;-74,0438456
Av La Toma II;2,9304396;-75,2875487
Av Roosevelt;3,4329112;-76,5388907
Av. Cero Cúcuta;7,8855219;-72,4982857
Av. El Dorado;4,6508232;-74,1003785
Av. La Playa 1;6,2490772;-75,5636901
Av. La Playa 3;6,2490772;-75,5636901
Avanza;4,8090093;-74,103519
Avda 30 Agosto;4,8125617;-75,7093218
Avda Jiménez I;4,6021724;-74,0753416
Avda Jiménez II;4,6021724;-74,0753416
Avenida 19 I;4,6054927;-74,0713561
Avenida 19 II;4,6054927;-74,0713561
Avenida 19 III;4,6054927;-74,0713561
Avenida Américas;3,4642043;-76,5249476
Avenida Cero 1;7,8856299;-72,4981756
Avenida Cero 2;7,8856299;-72,4981756
Avenida Chile 1;4,6565556;-74,0568745
Avenida Chile 2;4,6565556;-74,0568745
Avenida Estación;3,4683087;-76,5239902
Avenida La Toma;2,9304396;-75,2875487
Avenida Libertador;7,124831;-73,1286499
Avenida Panamericana;2,4453671;-76,6074719
Avenida Playa 2;6,2490772;-75,5636901
Avenida Sexta 1;7,8910788;-72,4757071
Avenida Sexta 3;7,8910788;-72,4757071
Avianca Calle 26;4,6456987;-74,0995226
Bahía Málaga;3,97;-77,32
Bahía Santa Marta;11,2403547;-74,2110227
Bancamia;4,6515733;-74,0601574
Barbosa;5,9306631;-73,6179444
Barrancabermeja;7,0594388;-73,8679676
Barrancabermeja 1;7,0617085;-73,8519319
Barrancabermeja 2;7,0617085;-73,8519319
Barrancabermeja 3;7,0617085;-73,8519319
Barrancabermeja II;7,0594388;-73,8679676
Barrancas 1;10,9556419;-72,795543
Barrancas 2;10,9556419;-72,795543
Barrio Santander;4,7109886;-74,072092
Barzal Movilco;4,1428849;-73,6382411
Base Coveñas;9,402597;-75,681642
Base Naval;10,4141432;-75,5495393
Base Naval;10,3905383;-75,5298536
Bat Séptima Brigada-Villavicencio;3,4516467;-76,5319854
Bat. Pedro Nel Ospina;6,3367288;-75,5595887
Batallón 21 Vargas;3,544831;-73,705281
Batallón Clara Elisa Narváez;7,7764833;-76,6550496
Batallón De Comunicaciones De Faca;4,8193301;-74,3599515
Batallón Espro Nilo;4,307339;-74,619935
Batallón Guasimales;7,8706457;-72,5042141
Batallón Guepi No. 35;1,6153858;-75,6042364
Batallón La Popa;10,4672764;-73,269824
Batallón La Popa II;10,4672764;-73,269824
Batallón Magdalena;1,84536;-76,09112
Batallón Malambo;10,8797013;-74,7819819
Batallón Paraíso;11,0133465;-74,8052617
Batallón Quibdó;5,68283;-76,59578
Batallón Rondón;10,886123;-72,851515
Batallón Rooke;4,442469;-75,2402796
Batallón Saravena;-3,7702;-70,38306
Batallón Serviez;4,151989;-73,637087
Batallón Tenerife;2,920487;-75,2758187
Batallón Zarzal;4,091786;-76,4764947
Bavaria Tocancipa;4,9606511;-73,9216853
Baviera 1;4,6200908;-74,0687389
Belén 1;6,2329088;-75,5958866
Belén 2;6,2329088;-75,5958866
Bello 1;6,3346229;-75,5580625
Bello 2;6,3346229;-75,5580625
Belmira 1;4,7208298;-74,040095
Belmira 2;4,7208298;-74,040095
Bocagrande 1;10,4030496;-75,5541216
Bocagrande 2;10,4030496;-75,5541216
Bogotá;4,6025621;-74,0724846
Brigada 29;2,4577694;-76,6066951
Brigada XVI Yopal;5,348903;-72,400523
Bucaramanga 1;7,1193581;-73,1240863
Bucaramanga 2;7,1193581;-73,1240863
Bucaramanga 3;7,1193581;-73,1240863
Buenaventura 1;3,8910186;-77,0789841
Buenaventura II;3,8879797;-77,0777809
Buenavista;11,2323396;-74,1996773
Buga 1;3,8996421;-76,3001439
Buga 2;3,8996421;-76,3001439
Bulevar Niza;4,712236;-74,07083
Bulevares;4,8069428;-75,6908471
Bunker De La Fiscalía;4,637879;-74,09763
C. C. Valledupar 1;10,4706744;-73,2425203
C. C. Valledupar 2;10,4706744;-73,2425203
C. S.Esmeralda;4,626227;-74,0566026
C.C. Centenario;3,453455;-76,5521931
C.C. El Retiro;4,6659935;-74,0564147
C.C. Sancancio;5,0536263;-75,4891041
C.C. Supe ejecutivos I;10,3986778;-75,4939564
C.C. Supe ejecutivos II;10,3986778;-75,4939564
C.C. Tunal I;4,582988;-74,117979
C.C. Tunal II;4,582988;-74,117979
C.C. Tunal III;4,582988;-74,117979
C.C.Plaza Chía;4,8643433;-74,0434677
Cabellano 1;7,1131904;-73,1100661
Cabellano 2;7,1131904;-73,1100661
Cable Plaza;5,0670253;-75,5157662
Cable Plaza 2;5,0670253;-75,5157662
CAD;4,625969;-74,0816
Cafam Floresta I;4,6865188;-74,0739124
Cafam Melgar;4,199085;-74,6321311
Cajica;4,9195381;-74,0257716
Calarcá;4,5238935;-75,6430882
Calasanz;6,2627463;-75,596683
Cali P/Pal 2;3,4525911;-76,530443
Cali Principal 1;3,4525911;-76,530443
Calima Armenia;4,5348589;-75,6647019
Calima I;3,4867643;-76,4906621
Calima II;3,4867643;-76,4906621
Calima La 14 1;3,4827136;-76,4970526
Calima La 14(2);3,4827136;-76,4970526
Calle 100;4,6832569;-74,0484205
Calle 34;3,4235051;-76,5088436
Calle 76;11,0004865;-74,8082585
Calle 80 1;4,6571773;-74,057764
Calle 80 2;4,6571773;-74,057764
Calle 84;11,0058258;-74,8191476
Calle 84 2;11,0058258;-74,8191476
Calle 85;4,6709845;-74,0570643
Calle 9 Cali (1);3,4145352;-76,5402882
Calle 9 Cali 2;3,4145352;-76,5402882
Calle 98 1;4,683411;-74,0494297
Calle 98 2;4,683411;-74,0494297
Calle Bonita;4,4418562;-75,2397466
Calle Del Comercio I;9,3011132;-75,3953604
Calle Del Comercio II;9,3011132;-75,3953604
Calle Grande I;10,4742872;-73,2484819
Calle Grande II;10,4742872;-73,2484819
Calle Murillo II;10,9841989;-74,785513
Caloto;3,033544;-76,408081
Cámara De Comercio Del Putumayo;0,4944365;-76,4964774
Candelaria Valle;4,596688;-74,0771182
Cantón Norte;4,692932;-74,033918
Cañaveral 1;7,1378719;-73,1227677
Cañaveral 3;7,1378719;-73,1227677
Capricentro;6,1822699;-75,5904401
Cárcel La Modelo;4,6342813;-74,1068458
Cárcel La Picota;4,5510882;-74,1208757
Cárcel De Mujeres Buen Pastor;4,6921443;-74,0583111
Carrera 1A 1;3,4686189;-76,5117615
Carrera 27 1;7,1304052;-73,1198771
Carrera 27 2;7,1304052;-73,1198771
Carrera 43 (2);10,9944496;-74,8123156
Carrera 43 1;10,9944496;-74,8123156
Carrera 80 (2);6,2450475;-75,601349
Carrera 80 1;6,2450475;-75,601349
Carrera Once;4,5991911;-74,0809166
Carrera Segunda;8,7620354;-75,8897562
Cartagena 1;10,4224888;-75,5503278
Cartagena 2;10,4224888;-75,5503278
Cartago;4,7506866;-75,9137164
Cartago 1;4,7506866;-75,9137164
Cartago 2;4,7506866;-75,9137164
Carulla Alhambra (2546);4,6908766;-74,0297442
Carulla Express Manga (2533);10,3910485;-75,4794257
Carulla Pance Cali (2594);3,3440787;-76,5302115
Carulla San Nicolás (2526);4,7008461;-74,0805613
Carulla Santa Lucia (2538);10,39202;-75,4802799
Carulla Rincón De La Colina (2569);4,7411183;-74,0637737
Carvajal 1;4,6178798;-74,1490335
Carvajal 2;4,6178798;-74,1490335
Castilla;4,6378353;-74,1429387
Caucasia 1;7,9881196;-75,1920746
Caucasia 2;7,9881196;-75,1920746
Caucasia 3;7,9881196;-75,1920746
Cavipetrol;4,6257661;-74,067623
Cc Caribe Plaza;10,4134537;-75,529947
CC El Parque Soacha 2;4,5995351;-74,0746017
Cc El Pórtico Facatativá;4,8176755;-74,3581424
Cc La Casona Zipaquirá;5,0179999;-74,0048564
Cc Parque Caldas;5,0681857;-75,5127688
Cc River Plaza;7,8880402;-72,5034352
Cc Santafé 2;6,2087927;-75,5712914
Cc Sushiman;11,5431488;-72,9092099
Cc. Centro Mayor;4,5903013;-74,1239089
Cc. Hacienda Santa Bárbara;4,6943656;-74,033032
Cc. La Herradura;4,0904984;-76,1931105
CC. Madrid;4,7334455;-74,2650199
Cc. Unicentro Villavicencio;4,1410156;-73,634946
Ccial Alamedas Del Sinú;8,7619577;-75,8735203
Ccial Alcaraván;5,335024;-72,385588
Ccial Americano;10,9853969;-74,8113301
Ccial Baranoa;10,7952776;-74,9168932
Ccial Brisas Plaza;3,8668225;-76,9975654
Ccial Campanario;2,4594766;-76,5948277
Ccial Caracolí;7,072429;-73,1047859
Ccial Chipichape II;3,4759519;-76,5278169
Ccial Ciudad Victoria;4,8090474;-75,678769
Ccial El Puente San Gil I;6,5471194;-73,1287178
Ccial El Puente San Gil II;6,5471194;-73,1287178
Ccial Galerías;4,6421111;-74,0757702
Ccial Galerías Cartago;4,7428267;-75,916415
Ccial Gran Boulevar;11,0137606;-74,8366679
Ccial Gran Plaza Florencia;1,6233443;-75,6056266
Ccial Guatapuri;10,4991188;-73,2784969
Ccial La 14 Tuluá;4,0733357;-76,1906996
Ccial La Quinta;7,115237;-73,1082781
Ccial Los Angeles Mall;10,9814685;-74,7792713
Ccial Los Ejecutivos;10,4004396;-75,49416
Ccial Mayales;10,4552327;-73,2428449
Ccial Mayales II;10,4552327;-73,2428449
Ccial Mayorca;6,1604806;-75,6046536
Ccial Megacity;5,0240059;-74,0022303
Ccial Mercurio;4,5847129;-74,2185003
Ccial Mercurio II;4,5847129;-74,2185003
Ccial Metropolitano;10,9238327;-74,7959434
Ccial Metropolitano III;10,9238991;-74,7979187
Ccial Metropolitano II;10,9238991;-74,7979187
Ccial Molinos;6,2329665;-75,6044373
Ccial Monterrey;6,214431;-75,57635
Ccial Morichal Plaza;4,875246;-72,893364
Ccial Nogal Plaza;4,132486;-73,6323677
Ccial Nuestro Urabá;7,8813861;-76,6319669
Ccial Panorama;10,9678601;-74,7811288
Ccial Parque Ctral. Bquilla;10,984015;-74,7894918
Ccial Pereira Plaza;4,8088885;-75,6911785
Ccial Planeta Plaza;8,412749;-75,584048
Ccial Platino;6,1873428;-75,5974727
Ccial Plaza De Las Américas V;4,621625;-74,137226
Ccial Plaza Imperial III;4,7501106;-74,0954527
Ccial Portal Del Vergel;4,4470013;-75,1899992
Ccial Premium Plaza;6,2297992;-75,5698227
Ccial Puerto Príncipe;4,6056074;-74,088491
Ccial San Fernando;10,3840945;-75,4683407
Ccial San Silvestre II;7,06734;-73,85813
Ccial San Silvestre III;7,06734;-73,85813
Ccial Santafé Piso 1;4,7626019;-74,0462687
Ccial Savvana;6,1468992;-75,3795588
Ccial Suricentro Montería;8,7447848;-75,8940804
Ccial Terminal Del Norte Medellín;6,2793279;-75,5711273
Ccial Único Barranquilla;10,9894465;-74,8123441
Ccial Único Dos Quebradas I;4,8293076;-75,6791446
Ccial Único Dos Quebradas II;4,8293076;-75,6791446
Ccial Ventura Plaza;7,886389;-72,5043415
Ccial Country Plaza;11,0047136;-74,8092497
Ccial Gran Estación;4,6476233;-74,1016282
Ccial Gran Estación II;4,6476233;-74,1016282
Ccial Gran Estación III;4,6476233;-74,1016282
Ccial Gran Plaza Medellín;6,246686;-75,5725442
Ccial Novo Faca;4,8173403;-74,3522283
Ccial San Rafael Bogotá;4,7109886;-74,072092
Ccial San Silvestre I;7,06734;-73,85813
Ccial Tintal Plaza;4,6431002;-74,1558697
Ccial Y Habitacional Santa Inés;5,5505578;-73,3520698
Cedritos;4,7301966;-74,0453158
Cedritos 1;4,673625;-74,1639543
Cedritos 2;4,673625;-74,1639543
Cenabastos I;7,9178136;-72,4930308
Cenabastos II;7,9178136;-72,4930308
Cenac Pichincha;3,3830798;-76,5445362
Cenop;4,149819;-74,884341
Centenario;3,4539402;-76,5378707
Central De Abastos;6,1877248;-75,5901351
Central De Pagos;6,2486101;-75,5631143
Central De Pagos Cali;3,4517852;-76,5318917
Central De Pagos Cali 2;3,4517852;-76,5318917
Central De Pagos Único;10,9894465;-74,8123441
Centro 93 I;4,6775469;-74,0517709
Centro Andino I;4,6661661;-74,0525511
Centro Andino II;4,6661661;-74,0525511
Centro Andino III;4,6661661;-74,0525511
Centro Angora;7,9092803;-72,4981473
Centro Chía 1;4,867044;-74,036418
Centro Chía 2;4,867044;-74,036418
Centro Chia III;4,8655798;-74,0367348
Centro Comercial Av Chile II;4,6571773;-74,057764
Centro Comercial Av. Chile III;4,6571773;-74,057764
Centro Comercial Cacique III;7,0992015;-73,1071331
Centro Comercial El Gran San;4,5989871;-74,0793181
Centro Comercial El Prado;10,9897256;-74,7885251
Centro Comercial El Progreso;4,8318256;-75,6805678
Centro Comercial Florida Blanca;7,0701301;-73,1051707
Centro Comercial Hayuelos;4,6639095;-74,1302354
Centro Comercial Innovo Plaza Duitama;5,8311754;-73,0333315
Centro Comercial La 14 Calima;4,6181975;-74,086042
Centro Comercial Las Palmas;11,2266352;-74,1966611
Centro Comercial Marden;3,5379718;-76,2971657
Centro Comercial Mercacentro;4,4143743;-75,1771067
Centro Comercial Milenio  II;4,6305024;-74,1691355
Centro Comercial Portal Del Quindío;4,5587584;-75,6550884
Centro Comercial Santa Lucia Chía;4,8583518;-74,054804
Centro Comercial Titán Plaza;4,6947594;-74,0878288
Centro Comercial Titán Plaza II;4,6955812;-74,0863134
Centro Comercial Único;3,4642425;-76,5008345
Centro Comercial Único Yumbo;3,5815178;-76,4869927
Centro Comercial Buga Plaza;3,4516467;-76,5319854
Centro Comercial Cacique;7,0992015;-73,1071331
Centro Comercial Iwoka;5,7240845;-72,9226263
Centro Comercial Único Pasto;1,2165533;-77,2885758
Centro Commercial Av Chile I;4,6571773;-74,057764
Centro De Computo;4,6233955;-74,0746382
Centro Empresa;3,4921213;-76,5218326
Centro Empresarial 127;4,7099372;-74,0616961
Centro Empresarial De La 72;4,6969933;-74,1060771
Centro Empresarial García Rovira I;7,113848;-73,1288409
Centro Empresarial García Rovira II;7,113848;-73,1288409
Centro Financiero;6,2060131;-75,5710632
Centro Girardot;4,2983037;-74,8080353
Centro Hipotecario;4,6814717;-74,0495414
Centro Internal I;4,5719903;-74,0978013
Centro Internal II;4,5719903;-74,0978013
Centro Mayor;4,5924413;-74,1255947
Centro Social De Oficiales;4,7313862;-74,0686007
Centro Suba 1;4,720582;-74,039726
Centro Suba 2;4,720582;-74,039726
Centro Suba 3;4,720582;-74,039726
Centro Suba 4;4,720582;-74,039726
Cerete;8,888785;-75,789633
Chapinero 1;4,6497872;-74,0635156
Chapinero 2;4,6497872;-74,0635156
Chía;4,8615997;-74,0598477
Chico Reservado;4,6776705;-74,0459086
Chinchiná;5,0415855;-75,5132859
Chinu;9,1047323;-75,3987461
Chipichape;3,4516467;-76,5319854
Chiquinquirá;5,6141404;-73,8181637
Chiquinquirá II;5,6172497;-73,8166457
Ciénaga De Oro;8,8753316;-75,6208582
Cimitarra 1;6,313375;-73,949347
Cimitarra 2;6,313375;-73,949347
Ciudad Kennedy I;4,6198929;-74,1676329
Ciudad Kennedy II;4,6198929;-74,1676329
Ciudad Montes;4,6011125;-74,109652
Ciudad Salitre 1;4,6852552;-74,0841623
Ciudad Salitre 2;4,6852552;-74,0841623
Clínica Cafam;4,6386615;-74,0679971
Clínica Cafam Floresta;4,6865188;-74,0739124
Clínica Colsanitas Colombia;4,6571749;-74,0698207
Clínica Coopsanar;4,6312847;-74,0876608
Clínica Medilaser;2,9309168;-75,2877028
Clínica Medilaser;5,5146331;-73,3568095
Clínica Reina Catalina;11,0014348;-74,816362
Clínica Reina Sofía;4,7065145;-74,0516159
Club Campestre;6,1855068;-75,5709557
Club Campestre Cali;3,3765987;-76,5428009
Codabas;4,757295;-74,0256205
Colgate;3,4685176;-76,5112259
Colina Campestre 1;4,6282915;-74,1080179
Colina Campestre 2;4,6282915;-74,1080179
Colon Plaza 2;3,4587192;-76,5254536
Colon Plaza III;3,4587192;-76,5254536
Colsanitas Sede Administrativa;4,6834253;-74,0458833
Colseguros 1;4,6048468;-74,0740887
Colseguros 2;4,6048468;-74,0740887
Colseguros 3;4,6048468;-74,0740887
Colsubsidio (Funza);4,7165348;-74,2121278
Coltabaco;6,2106035;-75,5792668
Coltejer;6,2497392;-75,5659942
Coltejer II;6,2497392;-75,5659942
Coltejer III;6,2497392;-75,5659942
Comestibles DAN;6,1647342;-75,6078169
Contador;4,7230518;-74,0463993
Continental-Oficina Las Aguas.;4,6009341;-74,0705201
Contraloria Edificio Elemento;4,6594891;-74,1065153
Corabastos;4,6390824;-74,1581364
Corferias II;4,6316788;-74,0934698
Corozal I;9,3154852;-75,2935648
Corozal II;9,3154852;-75,2935648
Cosmocentro I;3,4150965;-76,5478027
Cosmocentro II;3,4150965;-76,5478027
Cosmocentro III;3,4150965;-76,5478027
Country;4,673943;-74,062873
Crespo;10,4016151;-75,5558816
Cs Sincelejo II;9,3045773;-75,3905567
Cs.Sincelejo 1;9,3045773;-75,3905567
Ctro.Cmercial.Caracas;4,5579699;-74,1220101
Cuarta Brigada Cacique Yarigues;6,2616328;-75,5921676
Cúcuta 1;7,8860281;-72,5028457
Cúcuta 2;7,9346039;-72,5062205
Cúcuta 3;7,8890971;-72,4966896
Cueros Vélez;6,2280082;-75,5790673
Curumani 1;9,2006539;-73,5435055
Curumani 2;9,2006539;-73,5435055
Curumani III;9,2006539;-73,5435055
Dari Chapinero;3,444468;-76,5028755
Depositario  Toberin II;4,7468238;-74,0450833
Depositario Antiguo Country;4,6709845;-74,0570643
Depositario Avda 30 Agosto;4,8125617;-75,7093218
Depositario Avda Roosvelt;3,4329112;-76,5388907
Depositario Avenida Chile;4,6565556;-74,0568745
Depositario Barrio Restrepo;4,5886509;-74,1016797
Depositario Cabellano 3;7,1131904;-73,1100661
Depositario Cali;3,4525911;-76,530443
Depositario Calima;4,6181975;-74,086042
Depositario Calle 100;4,6832569;-74,0484205
Depositario Calle Grande;10,4742872;-73,2484819
Depositario Cañaveral 2;7,1378719;-73,1227677
Depositario Cartagena;10,4224888;-75,5503278
Depositario Centro 93;4,6775469;-74,0517709
Depositario Centro Comercial Santafé;4,7626019;-74,0462687
Depositario Centro Comercial Cacique;7,0992015;-73,1071331
Depositario Centro Financiero;6,2060131;-75,5710632
Depositario Centro Internacional;4,6154273;-74,0716737
Depositario Centro Mayor;4,5903013;-74,1239089
Depositario Chapinero;4,6497872;-74,0635156
Depositario Dann;7,1178859;-73,1125597
Depositario Envigado;6,1706617;-75,5867522
Depositario Facatativá;4,809984;-74,354009
Depositario Florencia 1;1,6145788;-75,6131157
Depositario Florida Cap;6,2707425;-75,5777924
Depositario Fontibón;4,6731237;-74,1453014
Depositario Girardot;4,2926896;-74,8014838
Depositario Hall La Cuesta;6,9937172;-73,0474349
Depositario Itagüí;6,1724856;-75,6099313
Depositario Jardín Plaza;3,3696037;-76,5274488
Depositario La Castellana;4,68824;-74,0990089
Depositario La Dorada;5,45288;-74,662391
Depositario La Matuna;10,4249446;-75,5468742
Depositario Lago Uribe;4,8147852;-75,6987626
Depositario Maicao;11,378922;-72,2365585
Depositario Mocoa 1;1,1457201;-76,6467066
Depositario Montería;8,7575736;-75,8850829
Depositario Oficina Mosquera III;4,7046849;-74,2294423
Depositario Oficina Usme;4,5224857;-74,1179832
Depositario Paloquemao;4,6544768;-74,1149621
Depositario Parque Centenario;10,4234351;-75,5474829
Depositario Parque Nacional;4,627125;-74,0672676
Depositario Parque Santander;7,1191793;-73,1231094
Depositario Pereira;4,8153857;-75,6949717
Depositario Plaza De Las Américas;4,6233544;-74,1369711
Depositario Puente Aranda;4,6344793;-74,1141126
Depositario Real De Minas 2;7,1041601;-73,1224012
Depositario Rio Del Oro;2,933346;-75,2921425
Depositario Salitre Plaza;4,653205;-74,109296
Depositario San Gil;6,5543537;-73,133655
Depositario San Silvestre;7,06734;-73,85813
Depositario Santa Marta;11,2403547;-74,2110227
Depositario Sincelejo P/Pal 2;9,2979171;-75,3852369
Depositario Teleport;4,6914483;-74,034815
Depositario Unicentro Cali;3,4116385;-76,5477043
Depositario Unicentro Medellín;6,2412323;-75,5876453
Depositario Villanueva 1;10,6068906;-72,9779871
Depositario Yopal 2;5,3484396;-72,4006536
Depositario Zipaquirá;5,0223949;-74,0057623
Depositarios Ccial Grand Bulevard;11,0137606;-74,8366679
Dhl;4,6785164;-74,1148623
Dir. De Esc. De Policia-Dinae;4,5859962;-74,1313361
Distrialgusto Girón;7,0695255;-73,1056876
Dos Quebradas;4,829797;-75,6788096
Dosquebradas G;4,832666;-75,6736371
Drummond;9,970362;-73,890531
Drummond II;9,970362;-73,890531
Duitama;5,828284;-73,033875
Duitama II;5,828284;-73,033875
Edificio Administrativo Calle 71;4,6662373;-74,0732756
Edificio Juan David Turbo;8,0972756;-76,7290966
Eds Chevron Acacias;3,991663;-73,766129
Eka Corporación;3,4717143;-76,5077902
El Banco 1;10,9920062;-74,8070671
El Banco 2;10,9920062;-74,8070671
El Can;4,626227;-74,0566026
El Éxito;6,2549803;-75,57977
El Laguito;10,3941367;-75,5607327
El Nogal;4,6612657;-74,0599469
El Poblado;6,203409;-75,5740807
El Polo;4,7198821;-74,1094573
El Porvenir;4,6334041;-74,1883818
El Prado 1;10,999465;-74,8045045
El Prado 2;10,999465;-74,8045045
El Rosal;4,8193301;-74,3599515
El Tesoro;6,1975427;-75,5588351
El Vivero;11,0099443;-74,7998638
Emtelco;6,2184642;-75,5830661
Emtell;2,4517032;-76,599103
Enertolima I;4,4301407;-75,2161426
Enertolima II;4,4301407;-75,2161426
Envigado;6,1706617;-75,5867522
Envigado 2;6,1706617;-75,5867522
Epm;6,2548413;-75,5722977
Esc Artilleria;4,508056;-74,1140039
Esc Logística;4,5713985;-74,0718734
Esc. Gonzalo Jiménez De Quesada;4,5065939;-74,2689972
Escuela Cadetes 1;4,6861869;-74,0546145
Escuela Cadetes 2;4,6861615;-74,0568045
Escuela De Carabineros De Manizales;5,0688036;-75,4916835
Escuela De Policía Gabriel González;4,144269;-74,878979
Espinal;4,149819;-74,884341
Espinal 1;4,149819;-74,884341
Estación De Gasolina Egas Zipaquirá;5,0233244;-74,002138
Estación Rumbos;4,8523459;-74,0291566
Éxito Armenia Cristal (2060);4,5370992;-75,6674325
Éxito Calle 80;4,6835133;-74,0802839
Éxito Caucasia;7,9933559;-75,1995239
Éxito Ciudad Tunal (2302);4,5779008;-74,1302354
Éxito Colina (2088);4,7347249;-74,0687085
Éxito De Occidente;4,7209487;-74,1225423
Éxito Fusagasugá (2096);4,3329343;-74,3700277
Éxito Itagüí (2040);6,1777352;-75,6056987
Éxito La Flora (2054);3,487232;-76,516692
Éxito Magangue;9,3075674;-75,4130087
Éxito Murillo;10,9696249;-74,7901346
Éxito Nuevo Kennedy;4,6235335;-74,1538973
Éxito Pasto (2058);1,2160212;-77,2793871
Éxito Pereira Cuba (2174);4,804235;-75,737931
Éxito San Fernando;3,4259871;-76,546028
Éxito San Mateo Cúcuta (2353);7,8829846;-72,4881769
Éxito Simón Bolívar;3,4275466;-76,4997185
Éxito Suba;4,7114619;-74,1343611
Éxito Parque Arboleda (2062);4,8087174;-75,690601
Éxito Villa Mayor (2083);4,592627;-74,124756
Express Dann;7,1178859;-73,1125597
Express Dann II;7,1178859;-73,1125597
Express Unicentro;6,2412323;-75,5876453
Extensión Oficina Ruitoque;7,0235157;-73,0826526
Facatativá 2;4,811176;-74,356476
Facatativá 3;4,811176;-74,356476
Fedegan;6,2684934;-75,5736806
Femsa Barranquilla;10,9567995;-74,7858688
Femsa Bogotá Sur;4,5993044;-74,167637
Femsa Bucaramanga;7,1324662;-73,1541962
Femsa Cali;3,3711258;-76,5259015
Femsa Medellín;6,2683078;-75,5762407
Femsa-Bogotá Norte I;4,6720626;-74,1365073
Femsa-Bogotá Norte II;4,6720626;-74,1365073
Femsa-Tocancipa;4,9547754;-73,934886
Fiscalía Bogotá;4,6154801;-74,0872244
Fiscalía Bucaramanga;7,1250002;-73,1253508
Fiscalía Edificio San Francisco Cali;3,4503024;-76,5332004
Fiscalía Edificio Santa Mónica;3,4557587;-76,5187876
Fiscalía Edificio Conquistadores Cali;3,4234924;-76,5413769
Fiscalía Ibagué;4,4446387;-75,2412891
Fiscalía Seccional Bogotá;4,6691858;-74,0586044
Fiscalía Seccional Medellín;6,2684934;-75,5736806
Fiscalía Pereira;4,81688;-75,71346
Florencia 2;1,6145788;-75,6131157
Florencia 3;1,6145788;-75,6131157
Florencia Corevisa I;1,6137395;-75,6128246
Florencia Corevisa II;1,6137395;-75,6128246
Fna Fondo Nacional Del Ahorro;4,632411;-74,116538
Fondo Rotatorio;4,631605;-74,1034282
Fonseca 1;10,8883628;-72,8529913
Fonseca 2;10,8883628;-72,8529913
Fonseca III;10,8883628;-72,8529913
Fonseca IV;10,8883628;-72,8529913
Fontibón 1;4,6731237;-74,1453014
Fontibón 2;4,6731237;-74,1453014
Fontibón 4;4,6731237;-74,1453014
Frigorífico Ble;4,65804;-74,1377853
Frigorífico Guadalupe;4,5959306;-74,1528456
Fuerza Aérea La Dorada;5,4655294;-74,6566693
Fuerza Aérea-Catam;4,70348;-74,14963
Fundación 1;10,5218664;-74,1853633
Fundación 2;10,517179;-74,1819979
Fundación III;10,517179;-74,1819979
Fusagasugá 1;4,343399;-74,3620747
Fusagasugá 2;4,343399;-74,3620747
Fusagasugá Las Palmas;4,342302;-74,362371
Fusagasugá Las Palmas II;4,342302;-74,362371
Galerías I;4,6415607;-74,0719553
Galerías II;4,6415607;-74,0719553
Garzón 1;2,1972798;-75,6280143
Garzón 2;2,1972798;-75,6280143
Gente BBVA;4,6564911;-74,0570465
Girardot 1;4,2957857;-74,8064195
Girardot 2;4,2957857;-74,8064195
Girardot 3;4,2957857;-74,8064195
Gobernación De Bolívar;10,334638;-75,412672
Gobernación De Cundinamarca;4,6407006;-74,0972007
Gobernación De Leticia;-4,2133795;-69,9428409
Gobernación Santander;7,1165575;-73,1299663
Gran Plaza De Sol;10,9269602;-74,7797476
Gran Plaza San Antonio;1,8559816;-76,055505
Granada Hill;4,7267288;-74,0508849
Granada Meta;3,5401713;-73,7066941
Grancentro I;10,9925463;-74,7840797
Grancentro II;10,9925463;-74,7840797
Grancentro III;10,9925463;-74,7840797
Grupo Aponte;4,6947488;-74,1591503
Guayaquil;6,2474904;-75,5729163
Hacienda Santa Bárbara 1;4,6943656;-74,033032
Hacienda Santa Bárbara 2;4,6943656;-74,033032
Hall La Cuesta;6,9937172;-73,0474349
Hall Mocoa I;1,14619;-76,6478918
Hall Mocoa II;1,14619;-76,6478918
Hall Viva Villavicencio I;4,1238196;-73,633979
Hall Viva Villavicencio II;4,1238196;-73,633979
Hayuelos;4,6639952;-74,1319193
Hipódromo;10,9308852;-74,7722014
Holguines T.C. I;3,37184;-76,53924
Holguinez II;3,3695871;-76,5370444
Home Center Barranquilla;10,9903875;-74,7868554
Home Center Bello;6,3390228;-75,5418742
Home Center Bucaramanga;7,116398;-73,1198949
Home Center Calle 170;4,7561056;-74,0469555
Home Center Calle 80;4,6853902;-74,0789158
Home Center Ibagué;4,4393197;-75,1865139
Home Center Manizales;5,0504727;-75,4891648
Home Center Medellin San Juan - Medellin;6,2493944;-75,5838657
Home Center Neiva;2,9383422;-75,248041
Home Center Pereira;4,8060959;-75,7162763
Home Center Santa Marta;11,2467363;-74,1741951
Home Sentry Avda 68;4,6724102;-74,0890995
Honda;5,1993194;-74,7491283
Hospital Caldas;5,0635753;-75,5006159
Hospital De Neiva;2,9313277;-75,2804362
Hospital Erasmo Meoz;7,903998;-72,4910655
Hospital Gilberto Mejía;6,148252;-75,3902455
Hospital La Buena Esperanza De Yumbo;3,4500831;-76,533261
Hospital Marco Fidel Suarez;6,2504524;-75,6039515
Hospital Mederi;4,623739;-74,0820778
Hospital Samaritana;4,5873112;-74,0856716
Hospital Tunal;4,5717938;-74,1288026
Hotel Plaza Bogotá;4,6863717;-74,0513554
Hotel Santa Clara;10,4282226;-75,5477544
Hotel San Martin;2,4322314;-76,6121791
Ibagué P/Pal 1;4,442469;-75,2402796
Ibagué P/Pal 2;4,442469;-75,2402796
Ibagué P/Pal 3;4,442469;-75,2402796
Idu;4,6076179;-74,0702643
Imax;4,6188663;-74,1352701
Imbanaco 1;3,4243843;-76,5463257
Imbanaco 2;3,4243843;-76,5463257
Indumil Comercial;4,626227;-74,0566026
Inhouse 3;4,6835631;-74,0462608
Inhouse Cantón Norte;4,6823389;-74,0386345
Inhouse Siemens;4,77779;-74,182794
Inpec;4,5949362;-74,1128998
Inpec Bello;6,3307804;-75,5445
Inpec Cali;3,4313671;-76,5086853
Inpec Cúcuta;7,95;-72,5
Inpec Ibagué;4,3997763;-75,1418137
Ipiales;0,821637;-77,6286851
Ipiales II;0,8249597;-77,6393109
ISA;6,1881902;-75,5586036
Itagüí 1;6,1724856;-75,6099313
Itagüí 3;6,1724856;-75,6099313
Itfip;4,149819;-74,884341
Ix Brigada Neiva-Cacica  Gaitana;2,9429472;-75,2781788
Jardín Plaza;3,3696037;-76,5274488
Jumbo Bosa;4,7103167;-74,1012124
Jumbo Girardot;4,3049411;-74,8036739
Jumbo Girón;7,1287471;-73,1560368
Jumbo Las Vegas;6,2233883;-75,5748632
Jumbo Palmira;3,5394992;-76,2967103
Jumbo Rionegro;6,1411944;-75,3797198
Jumbo San Cayetano;4,6777892;-74,1173072
Jumbo Sogamoso;5,712695;-72,930853
Kennedy Central 1;4,6825766;-74,1041467
Kennedy Central 2;4,6825766;-74,1041467
Kennedy Central3;4,6825766;-74,1041467
Kra 10 Zipaquirá;5,027974;-73,9994454
La 14 Centro;3,4532549;-76,5300966
La 14 Jamundí - Alfaguara;3,258927;-76,557151
La 14 Limonar;3,3929183;-76,5454962
La 14 Llanogde;3,5278322;-76,3166063
La 14 St Mónica;3,4706597;-76,5285166
La Alpujarra;6,2424227;-75,5726217
La América;6,2494445;-75,5969614
La Candelaria;4,5756627;-74,1547422
La Castellana 1;4,6160102;-74,1033884
La Castellana 2;4,6160142;-74,1050299
La Ceja 1;6,031041;-75,43262
La Ceja 2;6,031041;-75,43262
La Cun;4,598608;-74,0723496
La Dorada 1;5,45288;-74,662391
La Dorada 2;5,45288;-74,662391
La Esperanza 1;4,1422206;-73,6347674
La Esperanza 2;4,1367137;-73,6358125
La Estrada 1;4,655349;-74,1024601
La Estrada 2;4,655349;-74,1024601
La Flora;3,4795007;-76,5254022
La Matuna 1;10,4249446;-75,5468742
La Matuna 2;10,4249446;-75,5468742
La Mesa Edificio Jabaco;3,4516467;-76,5319854
La Plazuela 1;10,3949853;-75,4858408
La Plazuela 2;10,3949853;-75,4858408
La Plazuela 3;10,3949853;-75,4858408
La Plazuela 4;10,3897085;-75,4805409
La Triada 2;7,1198425;-73,1230398
La Triada 3;7,1198425;-73,1230398
La Trinidad 1;4,6211736;-74,1181004
La Trinidad 2;4,6211736;-74,1181004
La Vega;5,000528;-74,339439
La Virginia;4,8125389;-75,685092
La Loma;9,661436;-73,74643
Lago Uribe;4,815034;-75,6984314
Las Ferias;4,6389177;-74,1170124
Laureles;6,2337429;-75,5942799
Leticia 1;-4,2165728;-69,9416208
Leticia 2;-4,2165728;-69,9416208
Leticia III;-4,2165728;-69,9416208
Limonar 1;3,3981231;-76,5461618
Limonar 2;3,3981231;-76,5461618
Lorica 1;9,2332365;-75,8194812
Lorica 2;9,2332365;-75,8194812
Los Andes 1;10,9685725;-74,8043961
Los Andes 2;10,9685725;-74,8043961
Los Rosales 1;5,0621602;-75,4942783
Los Rosales 2;5,0621602;-75,4942783
Lourdes I;4,6477766;-74,0640112
Lourdes II;4,6477766;-74,0640112
Macuyra;11,160651;-72,591907
Madrid;4,733143;-74,260299
Magangue 1;9,2301658;-74,7433667
Magangue 2;9,2301658;-74,7433667
Magangue 3;9,2301658;-74,7433667
Maicao;11,378922;-72,2365585
Maicao II;11,378922;-72,2365585
Maicao III;11,378922;-72,2365585
Maicao IV;11,378922;-72,2365585
Mall Center Dapa;3,5198747;-76,520241
Mall De La Frontera Super.Euro;6,178153;-75,5846067
Mall Interplaza;6,2972709;-75,5425203
Mall Oasis Plaza Neiva;2,9081264;-75,2719515
Mall Plaza Cartagena;10,4211223;-75,5394692
Manizales I;5,0677596;-75,5182381
Manizales II;5,0677596;-75,5182381
Manizales Pal 1;5,0686158;-75,5178524
Manizales Pal 2;5,0686158;-75,5178524
Manizales Pal 3;5,0686158;-75,5178524
Manizales Pal 4;5,0675437;-75,5188095
Mapfre;4,6812703;-74,0484396
Marketing Personal;6,1996156;-75,5912343
Marly;4,6407371;-74,0652859
Marly 1;4,6407371;-74,0652859
Marly 2;4,6407371;-74,0652859
Mazuren;4,7360714;-74,0499326
Medellín Interno;6,2500882;-75,5686921
Medellín P/Pal2;6,2500882;-75,5686921
Medellín P/Pal3;6,2500882;-75,5686921
Mercacentro;4,4420931;-75,1766735
Mercadefam;7,1215658;-73,1121074
Mercaldas La Enea;5,03399;-75,46091
Metrokia;4,8015977;-74,0377138
Metroparque;6,2717741;-75,5657985
Metrosur;4,5956321;-74,1683275
Mi Centro Funza;4,7174048;-74,2083487
Milenio Plaza Centro Comercial;4,6305024;-74,1691355
Min. Protec. Social Bogotá;4,6207826;-74,0681863
Mindefensa 1;4,6576661;-74,1385174
Mindefensa 2;4,6576661;-74,1385174
Minibanco Colmotores;4,5845515;-74,1437162
Minibanco La Unión;3,4441606;-76,5203681
Minibanco Senado;4,5961439;-74,0763953
Minibanco Senado III;4,5961439;-74,0763953
Mocoa;1,1457201;-76,6467066
Mocoa 2;1,1457201;-76,6467066
Modelia 1;4,6270882;-74,0711753
Modelia 2;4,6270882;-74,0711753
Molinos II;6,2329665;-75,6044373
Mompos 1;9,2411126;-74,4247298
Mompos II;9,2411126;-74,4247298
Montería;8,758085;-75,8866314
Montería 1;8,7575736;-75,8850829
Montería 2;8,7575736;-75,8850829
Montería 3;8,7575736;-75,8850829
Montería II;8,758085;-75,8866314
Mosquera;4,7046849;-74,2294423
Mosquera II;4,7046849;-74,2294423
Móvil;4,7109886;-74,072092
Multicentro Ibagué;4,4389316;-75,1858484
Municipio De Itagüí;6,173181;-75,608822
Municipio De Medellín;6,2448274;-75,5721031
Murillo B/Quilla 1;10,9857787;-74,7831929
Murillo B/Quilla 2;10,9857787;-74,7831929
Neiva P/Pal 1;2,9255864;-75,2883776
Neiva P/Pal 2;2,9255864;-75,2883776
Niza 1;4,7092436;-74,0720357
Niza 2;4,7092436;-74,0720357
Niza 3;4,7092436;-74,0720357
Normandía I;4,6036312;-74,1628753
Normandía II;4,6036312;-74,1628753
North Point;4,7327913;-74,0235126
Novalito;10,4811099;-73,2512235
Nueva Central Pagos Cali;3,4650523;-76,5315207
Nueva Oficina Cámara De Comercio;1,6062721;-75,614786
Nueva Oficina Central De Abastos;7,103881;-73,1673103
Nueva Oficina Estación Ibagué;4,4570499;-75,2345901
Nueva Oficina Estadio Diamante;6,2599208;-75,5902921
Nueva Oficina Oeste;3,4520186;-76,5480034
Nueva Oficina San Patricio;4,6909494;-74,0509273
Nueva Oficina Santander De Quilichao;3,0082931;-76,482457
Nueva Oficina Viva Buenaventura;3,8668223;-76,9975517
Nutresa;6,209447;-75,5851029
Occidente;4,6256317;-74,1048001
Ocean Mall;11,2403547;-74,2110227
Ocean Mall II;11,2403547;-74,2110227
Ofi Avenida Sexta  IV;7,8910788;-72,4757071
Ofi Santander De Quilichao II;3,0082931;-76,482457
Oficina  Arauca 4;7,0856427;-70,7567824
Oficina  Avenida Sexta III;7,8910788;-72,4757071
Oficina  Madrid II;4,733143;-74,260299
Oficina Alcázares;4,6703794;-74,0690473
Oficina Avenida Cero IV;7,8856299;-72,4981756
Oficina Avenida Sexta;3,4516467;-76,5319854
Oficina Avenida Tercera Norte;3,4871638;-76,5006976
Oficina Bahía II;11,2403547;-74,2110227
Oficina Barrancas;10,9551137;-72,7874004
Oficina Bello III;6,3346229;-75,5580625
Oficina Bogotá II;4,6025621;-74,0724846
Oficina Bolarqui;7,0705094;-73,0971031
Oficina Bosa;4,6054302;-74,1853772
Oficina Bosa II;4,6058962;-74,1842843
Oficina Bosa III;4,6054302;-74,1853772
Oficina Bosa IV;4,6054302;-74,1853772
Oficina Cafam Floresta II;4,6865188;-74,0739124
Oficina Calarcá II;4,5238935;-75,6430882
Oficina Calasanz;6,2613753;-75,5973704
Oficina Calima Armenia II;4,5350004;-75,6756888
Oficina Calima Bogotá;4,6181975;-74,086042
Oficina Ccial Buenavista;10,9716616;-74,7962865
Oficina Ccial Buenavista II;10,9716616;-74,7962865
Oficina Ccial San Juan Neiva;2,9169745;-75,2798029
Oficina Ccial Santafé;4,7626019;-74,0462687
Oficina Ccial Unicentro Cali III;3,3737723;-76,5389709
Oficina Ccial Único Cali;3,4657893;-76,4997617
Oficina Ccial Victoria Plaza;4,8090474;-75,678769
Oficina Cenabastos III;7,9178136;-72,4930308
Oficina Centro Cial Centro Sur;3,42689;-76,5374665
Oficina Chapinero Alto;4,6369543;-74,0625746
Oficina Chinu II;9,1047323;-75,3987461
Oficina Ciudad De Rio;6,2245302;-75,5747409
Oficina Ciudad Jardín;3,3616865;-76,5312624
Oficina Coltejer IV;6,2497392;-75,5659942
Oficina Connecta;4,6830995;-74,1208765
Oficina Contador II;4,7230518;-74,0463993
Oficina Cosmocentro IV;3,4150965;-76,5478027
Oficina Cota;4,8090536;-74,1013516
Oficina Cra 27 III;7,1304052;-73,1198771
Oficina Dann III;7,1178859;-73,1125597
Oficina Depositario Arauca;7,0856427;-70,7567824
Oficina Diverplaza;4,7024806;-74,1174194
Oficina Diverplaza  II;4,7024806;-74,1174194
Oficina El Banco 3;10,9920062;-74,8070671
Oficina El Bosque;5,5252717;-73,3657803
Oficina El Parque;7,0595156;-73,860928
Oficina El Recreo;8,7327001;-75,881824
Oficina El Retiro;4,6666674;-74,0555779
Oficina Fundadores;5,0694365;-75,5098402
Oficina Fundadores II;5,0694365;-75,5098402
Oficina Funza;4,7176228;-74,2134135
Oficina Gran América;4,6297488;-74,0835963
Oficina Gran Colombia;7,8919466;-72,4969008
Oficina Gran Colombia II;7,8927965;-72,4923001
Oficina Granada II;3,5411092;-73,7073935
Oficina Granvia;6,2451828;-75,5458043
Oficina Green Tower;11,0061056;-74,8027729
Oficina Hayuelos;4,6639095;-74,1302354
Oficina Ipiales III;0,821637;-77,6286851
Oficina Jamundí;3,2606873;-76,5414494
Oficina La Plazuela V;10,3775126;-75,4841743
Oficina Las Aguas  II;4,6009341;-74,0705201
Oficina Las Aguas  III;4,6009341;-74,0705201
Oficina Las Vegas;6,1767358;-75,5900013
Oficina Maicao V;11,378922;-72,2365585
Oficina Maní;4,812251;-72,2816186
Oficina Mariquita;5,1987043;-74,8920554
Oficina Mayales;10,4556087;-73,239266
Oficina Melgar;4,204033;-74,6434623
Oficina Melgar  II;4,2039761;-74,6434029
Oficina Melgar  III;4,2039761;-74,6434029
Oficina Monteriano;7,9798216;-75,4251691
Oficina Monteriano II;7,976803;-75,417209
Oficina Montevideo;4,6380912;-74,1170972
Oficina Ocaña;8,235788;-73,3532719
Oficina Ocaña II;8,235788;-73,3532719
Oficina Olaya Herrera;6,2182291;-75,5802174
Oficina Pacific Center II;3,889963;-77,0769755
Oficina Paipa;5,7791601;-73,1174562
Oficina Panamericana II;2,4453671;-76,6074719
Oficina Pasoancho;3,3918318;-76,5386167
Oficina Pie De Cuesta;6,9935461;-73,0476663
Oficina Plaza Imperial IV;4,7485835;-74,0952945
Oficina Plaza Imperial V;4,7485835;-74,0952945
Oficina Premium Plaza II;6,2297992;-75,5698227
Oficina Primero De Mayo II;4,575586;-74,1033497
Oficina Provenza;7,1374414;-73,1204252
Oficina Provenza II;7,1374414;-73,1204252
Oficina Puerta Del Norte;6,3404874;-75,5426032
Oficina Puerta Del Norte II;6,3404874;-75,5426032
Oficina Puerto Carreño III;6,18421;-67,481344
Oficina Puerto Carreño IV;6,18421;-67,481344
Oficina Real De Minas IV;7,1041601;-73,1224012
Oficina Rio Parque Montería;8,750983;-75,8785348
Oficina San Marcos II;8,662577;-75,128872
Oficina San Martin;10,4085672;-75,5509179
Oficina Saravena;6,957446;-71,8767199
Oficina Soledad;10,9168726;-74,7723109
Oficina Soledad;10,9168726;-74,7723109
Oficina Tauramena;5,0106849;-72,750495
Oficina Teleport;4,6914483;-74,034815
Oficina Tuquerres;1,0889054;-77,6191939
Oficina Unicentro Palmira;3,528284;-76,3101585
Oficina Unicentro Pasto IV;1,2165533;-77,2885758
Oficina Unicentro Pereira;4,8155186;-75,7175242
Oficina Unicentro Pereira II ;4,8155186;-75,7175242
Oficina Usme;4,5224857;-74,1179832
Oficina Valle De Lili;3,3688211;-76,5234657
Oficina Valle De Lili II;3,3688211;-76,5234657
Oficina Vélez;6,0124567;-73,6723391
Oficina Aguachica;8,3096972;-73,61348
Oficina Aguachica II;8,3096972;-73,61348
Oficina El Parque II ;7,0595156;-73,860928
Oficina Florida;6,2707425;-75,5777924
Oficina Mall Frontera;6,172729;-75,5870865
Oficina Manga;10,4119699;-75,5349485
Oficina Smart Office;11,0027121;-74,81217
Oficina Único Villavicencio;4,1095633;-73,6339085
Ofixx 33;6,2329665;-75,6044373
Olaya Herrera 1;10,99009;-74,7965388
Olaya Herrera 2;10,99009;-74,7965388
Olímpica Pie De La Popa;10,4132816;-75,519559
Olímpica San Marcos;8,6662931;-75,1269048
Olímpica Santo Tomas;10,763286;-74,756499
Olímpica Villamaria;5,0775383;-75,5270536
Opplus;4,6672058;-74,0665607
Orito;0,67688;-76,880163
Orito II;0,67688;-76,880163
Orquídeas;4,7392667;-74,0363711
Outlet El Bosque;10,3895737;-75,516653
Outlet Montevideo Plaza;4,6481735;-74,1200478
Oviedo;6,2002739;-75,5758628
Oxy;4,6623825;-74,0556697
Pablo Vi;4,6448364;-74,0712047
Palace;6,2373811;-75,572715
Palacio De Justicia;4,599443;-74,0753223
Palatino;4,7156531;-74,0314144
Palma Real;11,2413629;-74,1944265
Palma Real 2;11,2413629;-74,1944265
Palmetto;3,4118527;-76,5413457
Palmira 1;3,5280706;-76,2996918
Palmira 2;3,5280706;-76,2996918
Palmira 3;3,5280706;-76,2996918
Paloquemao 1;4,6544768;-74,1149621
Paloquemao 2;4,6544768;-74,1149621
Pamplona I;7,3760452;-72,6477878
Pamplona II;7,3770248;-72,6472361
Pamplona III;7,3770248;-72,6472361
Pan Atabanza;4,6070681;-74,1172656
Paralelo;4,6960819;-74,0563413
Parque Centenario I;10,4234351;-75,5474829
Parque Centenario II;10,4234351;-75,5474829
Parque Central Bavaria;4,6165915;-74,0697431
Parque La Vida;7,0593816;-73,8527467
Parque Medico;5,0554303;-75,485182
Parque Murillo Toro I;4,4446387;-75,2412891
Parque Murillo Toro II;4,4446387;-75,2412891
Parque Murillo Toro III;4,4446387;-75,2412891
Parque Nacional;4,627125;-74,0672676
Parque Nariño 1;1,2156764;-77,276884
Parque Nariño 2;1,2156764;-77,276884
Parque Natura;7,0723921;-73,1069693
Parque Santander  I;7,1191793;-73,1231094
Parque Santander  II;7,1191793;-73,1231094
Parque Soacha;4,5995351;-74,0746017
Paseo /Comercio;7,1178137;-73,1286685
Paseo Bolívar;10,9824178;-74,7775537
Paseo Bolivar2;10,9824178;-74,7775537
Paseo Bolivar3;10,9824178;-74,7775537
Paseo La Castellana;10,3929166;-75,4870871
Paseo La Castellana (2);10,4117016;-75,520444
Pasoancho II;3,3845016;-76,5386679
Pasto;1,2122878;-77,2768229
Pasto 2;1,2122878;-77,2768229
Patio Bonito;4,6463009;-74,1643426
Paz De Ariporo;5,8814537;-71,8945689
Paz De Ariporo II;5,8814537;-71,8945689
Pepe Sierra;4,699852;-74,0493868
Pereira Centro I;4,8148287;-75,6939183
Pereira Centro II;4,8148287;-75,6939183
Pereira Centro III;4,8148256;-75,6938857
Pereira Pal 1;4,8153857;-75,6949717
Pereira Pal 2;4,8153857;-75,6949717
Pereira Pal 3;4,8153857;-75,6949717
Piedecuesta I;6,9863172;-73,0503833
Piedecuesta II;6,9863172;-73,0503833
Piedecuesta III;6,9863172;-73,0503833
Pinares;4,8082377;-75,6806655
Pitalito 1;1,8519663;-76,0458469
Pitalito 2;1,8519663;-76,0458469
Planeta Rica 1;8,4126946;-75,5840285
Planeta Rica 2;8,4126946;-75,5840285
Plato;9,7878328;-74,7849541
Plaza 67;4,650723;-74,0582659
Plaza Américas I;4,6233544;-74,1369711
Plaza Bolívar;5,532341;-73,3610048
Plaza Caicedo I;3,4517483;-76,5320581
Plaza Caicedo II;3,4517483;-76,5320581
Plaza Central Facatativa;4,809984;-74,354009
Plaza Central Facatativa 2;4,809984;-74,354009
Plaza Central Sibate;4,4921297;-74,2597415
Plaza Colon;10,3896598;-75,4964759
Plaza Imperial I;4,7485835;-74,0952945
Plaza Imperial II;4,7485835;-74,0952945
Plaza La Castellana;8,758085;-75,8866314
Plaza Loperena 1;10,4725644;-73,2518451
Plaza Loperena 2;10,4725644;-73,2518451
Plaza Loperena3;10,4725644;-73,2518451
Plaza Principal Cajica;4,9172715;-74,0259787
Plaza Santander;9,3035503;-75,3945632
Plaza Santander Ipiales;0,8298951;-77,6434035
Plazoleta De Comidas Plaza De Las Américas;4,621625;-74,137226
Policía Metropolitana  De V/Cencio;4,1255266;-73,415366
Policía Metropolitana De Manizales;5,065992;-75,5106812
Policía Metropolitana De Neiva;2,9397652;-75,2840744
Policía Nacional;4,6456085;-74,0954148
Popayan 1;2,4537925;-76,5977602
Popayan 2;2,4537925;-76,5977602
Popayan 3;2,4537925;-76,5977602
Popayan 4;2,4537925;-76,5977602
Portal 80;4,7107924;-74,1116039
Portal 80 II;4,7112261;-74,1114485
Porto Alegre;4,6282915;-74,1080179
Portobello;4,6707448;-74,0498867
Prado Plaza;11,236185;-74,2133118
Primavera  2;4,1511017;-73,6145256
Primavera 1;4,1511017;-73,6145256
Primavera III;4,1511017;-73,6145256
Prime Tower;4,6863397;-74,0526733
Primero De Mayo II;4,575586;-74,1033497
Principal 1;4,6010613;-74,0770267
Principal 2;4,6010613;-74,0770267
Principal III;4,6010613;-74,0770267
Puente Aéreo;4,6929933;-74,1342795
Puente Aranda 1;4,6344793;-74,1141126
Puente Aranda 2;4,6344793;-74,1141126
Puente Largo;4,693405;-74,0675649
Puente Largo II;4,693405;-74,0675649
Puerto Asís 1;0,4965287;-76,5034414
Puerto Asís 2;0,4965287;-76,5034414
Puerto Asís 4;0,4965287;-76,5034414
Puerto Berrio 1;6,477755;-74,4088
Puerto Berrio 2;6,477755;-74,4088
Puerto Berrio 3;6,477755;-74,4088
Puerto Boyacá;5,977237;-74,593395
Puerto Boyacá 1;5,977237;-74,593395
Puerto Boyacá 2;5,977237;-74,593395
Puerto Carreño;6,18421;-67,481344
Puerto Carreño II;6,18421;-67,481344
Puerto Gaitán;4,312977;-72,083573
Puerto Gaitán II;4,3109543;-72,0795269
Puerto López 1;4,091354;-72,955918
Puerto López 2;4,091354;-72,955918
Puerto Seco;6,223715;-75,5843228
Quibdó I;5,6886225;-76,661927
Quibdó II;5,6886225;-76,661927
Quibdó IV;5,6886225;-76,661927
Quibdó III;5,6886225;-76,661927
Quinta Avenida;4,6539809;-74,0551052
Quinta Brigada;7,119413;-73,1242627
Quirigua 1;4,7080383;-74,1075557
Quirigua 2;4,7080383;-74,1075557
Rama Judicial Armenia;4,5316117;-75,6724743
Rama Judicial Cali;3,4524278;-76,5322549
Rama Judicial Sede Can;4,6467361;-74,0937964
Rama Judicial Sede Central;4,6021422;-74,0768933
Rama Judicial Edificio Los Tribunales;4,6401597;-74,0993085
Rama Judicial Paloquemao;4,5968777;-74,1041811
Rancherito Copacabana;6,3614272;-75,4953661
Real De Minas 1;7,1041601;-73,1224012
Reindustrias;2,939773;-75,282647
Reindustrias II;2,939773;-75,282647
Restrepo 1;4,5877582;-74,1008434
Restrepo 2;4,5877582;-74,1008434
Restrepo 3;4,5877247;-74,1008122
Ricaurte;4,612136;-74,0893156
Rio Del Oro;2,933346;-75,2921425
Rio Molino I;2,4441261;-76,6069411
Rio Molino II;2,4441261;-76,6069411
Riohacha 1;11,5384151;-72,9167838
Riohacha 2;11,5384151;-72,9167838
Riohacha 3;11,5384151;-72,9167838
Riohacha Centro I;11,5506908;-72,9121176
Riohacha Centro II;11,5506908;-72,9121176
Rionegro 1;6,1532862;-75,3735084
Rionegro 2;6,1532862;-75,3735084
Rodadero;11,2060689;-74,2269419
Rodadero II;11,2060689;-74,2269419
Ruta N;6,2647853;-75,5664423
Sabana Norte Chía;4,8638868;-74,0436167
Sabanagrande;10,7885611;-74,7540553
Sabanalarga 1;10,632545;-74,9205938
Sabanalarga 2;10,632545;-74,9205938
Sabanalarga 3;10,632545;-74,9205938
Sabaneta;6,150559;-75,61682
Sahagún 1;8,9467515;-75,4416515
Sahagún 2;8,9467515;-75,4416515
Sahagún III;8,9467515;-75,4416515
Salitre Mágico;4,6643435;-74,0918833
Salitre Plaza I;4,653205;-74,109296
Salitre Plaza II;4,653205;-74,109296
Salitre Plaza III;4,653205;-74,109296
San Andrés;12,5834746;-81,6982909
San Andrés De Sotavento;9,1463066;-75,5090963
San Andres De Tumaco;1,787434;-78,791265
San Andrés II;12,5834746;-81,6982909
San Andresito;4,6156001;-74,1021397
San Andresito;4,6156001;-74,1021397
San Andresito CC. Providencia;4,614459;-74,1012037
San Cancio;5,0536086;-75,4897882
San Diego I;6,2346487;-75,5696255
San Diego II;6,2346487;-75,5696255
San Fernando;3,4337157;-76,54147
San Francisco 1;10,9851911;-74,8102429
San Francisco 2;10,9851911;-74,8102429
San Gil;6,5543537;-73,133655
San José;4,6048875;-74,089499
San José del Guaviare;2,568549;-72,6417265
San Marcos;8,662577;-75,128872
San Simón 1;4,4388783;-75,2195042
San Simón 2;4,4388783;-75,2195042
San Simón 3;4,4388783;-75,2195042
Sanpedro Plaza;2,9494996;-75,2890151
Santa Ana;4,6908177;-74,0367646
Santa Librada;4,5143135;-74,118101
Santa Lucia;4,5704417;-74,125107
Santa Marta;11,2448733;-74,2118355
Santa Marta 1;11,2403547;-74,2110227
Santa Marta 2;11,2403547;-74,2110227
Santa Mónica;3,468126;-76,5309904
Santa Paula;4,6922314;-74,0451773
Santa Paula 2;4,6922314;-74,0451773
Santa Rosa De Cabal;4,865367;-75,6216944
Santa Rosa De Cabal II;4,865367;-75,6216944
Santa Teresita;6,2466975;-75,5891315
Santa Teresita 2;6,2466975;-75,5891315
Santafé;6,2087927;-75,5712914
Santafé De Antioquia;6,557179;-75,827129
Sao 93 (1);11,0040067;-74,8258212
Sao 93 (2);11,0040067;-74,8258212
Sao Carmen De Bolívar;9,7147401;-75,1201449
Sao Miramar;11,0032905;-74,8351989
Schlumberguer Siberia;4,7607539;-74,137739
Senado II;4,5961439;-74,0763953
Serviyarima;7,0792766;-73,8734937
Siete De Agosto;4,6584843;-74,0701446
Siete De Agosto II;4,6584843;-74,0701446
Simón Bolívar;10,9458405;-74,7763836
Sincelejo IV;9,2979171;-75,3852369
Sincelejo P/Pal 1;9,2979171;-75,3852369
Sincelejo P/Pal 3;9,2979171;-75,3852369
Sociedad Portuaria;11,237908;-74,2176482
Socorro 1;6,4703066;-73,2620125
Socorro 2;6,4703066;-73,2620125
Socorro 3;6,4703066;-73,2620125
Sogamoso 1;5,7149094;-72,9289424
Sogamoso 2;5,714917;-72,9289574
Sogamoso III;5,6980611;-72,9404006
Sogamoso IV;5,6980611;-72,9404006
Súper De Alimentos;5,0351106;-75,4528115
Súper Marden;3,5434725;-76,3015289
Súper Outlet 80;3,377004;-76,544403
Superinter Centro;3,4483394;-76,530679
Superinter Guadalupe;3,3671667;-76,5354987
Superinter La Luna;3,4859574;-76,4944096
Supermercado De Oriente Coveñas;9,402597;-75,681642
Supermercado Euro Nutibara;6,2119306;-75,5654334
Supermercado Más Por Menos;7,083576;-73,099783
Supermercado Tierragro;6,3014556;-75,5538718
Superpremier;4,9069361;-73,9410709
Surtimax Murillo Barranquilla(2366);10,9612922;-74,7932783
Tabio;4,9169149;-74,0279468
Tauramena;5,0176913;-72,7509636
Telebuenaventura;3,889963;-77,0769755
Telefónica;4,6968685;-74,0700414
Terminal De Carga Siberia;6,244203;-75,5812119
Terminal De Transportes Bmga;7,0916445;-73,129707
Terminal De Transportes Bqlla;10,9093301;-74,7937709
Terminal De Transportes Bta I;4,5719514;-74,16884
Terminal De Transportes De Cali;3,460767;-76,517389
Terminal de Transportes de Neiva;2,9260004;-75,2862127
Terminal De Transportes De Pereira;4,8186207;-75,6919608
Terminal De Transportes Ibagué;4,437092;-75,2347444
Terminal De Transportes Lorica;9,2384716;-75,8135112
Terminal De Transportes Vcio;4,132298;-73,6039256
Terminal Transportes Bta;4,6199947;-74,0652495
Teusaquillo II;4,6233955;-74,0746382
Teusaquillo III;4,6233955;-74,0746382
Texaco Las Vegas Navitrans;6,1746359;-75,591363
Toberin;4,7468238;-74,0450833
Tocancipa;4,9637174;-73,9159927
Tolemaida;4,2513469;-74,6384989
Tolemaida II;4,24401;-74,63787
Tolemaida III;4,2513469;-74,6384989
Transmilenio - Estación Avenida Jiménez;4,6025863;-74,0786244
Transmilenio - Estación Banderas;4,6316984;-74,1462167
Transmilenio - Estación Ricaurte;4,6114355;-74,0940943
Transmilenio - Estación Tunal;4,5718986;-74,1399419
Transmilenio - Héroes;4,66831;-74,06021
Transmilenio - Portal 80;4,7104956;-74,1118383
Transmilenio - Portal De Las Américas;4,6292976;-74,1725592
Transmilenio - Portal De Suba;4,7466302;-74,0949062
Transmilenio - Portal Del Norte;4,754265;-74,0460491
Transmilenio - Portal Del Sur;4,5967066;-74,1694001
Transmilenio - Portal Usme;4,530339;-74,1209417
Tuluá;4,0840422;-76,19715
Tuluá 1;4,0846951;-76,1961828
Tuluá 2;4,0846951;-76,1961828
Tuluá 3;4,0846951;-76,1961828
Tuluá II;4,0840422;-76,19715
Tunja 1;5,5317645;-73,3634153
Tunja 2;5,5317645;-73,3634153
Tunja Cc Colonial I;5,5321097;-73,3633185
Tunja Cc Colonial II;5,574255;-73,3404795
Tunja C-Cial Muiscas;5,5705236;-73,3401417
Tunjuelito;4,5659523;-74,1265055
Turbo 1;8,0927583;-76,7275743
Turbo 2;8,0927583;-76,7275743
Turbo 3;8,0927583;-76,7275743
Ubate;5,3087917;-73,8150254
Ubate La Legua;5,3081634;-73,8131595
Udca;4,7999131;-74,0467754
Uni15 1;4,7018758;-74,0430815
Uni15 2;4,7018758;-74,0430815
Unicentro Cali;3,3737606;-76,5390353
Unicentro Girardot;4,3078836;-74,7976822
Unicentro Occidente 1;4,7242057;-74,1133547
Unicentro Occidente 2;4,7242057;-74,1133547
Unicentro Occidente 3;4,7242057;-74,1133547
Unicentro Pasto I;1,2165533;-77,2885758
Unicentro Pasto II;1,2165533;-77,2885758
Unicentro Primer Piso I;4,701949;-74,04137
Unicentro Primer Piso III;4,701949;-74,04137
Unicentro Primer Piso IV;4,701949;-74,04137
Unicentro Primero Piso II;4,701949;-74,04137
Unicentro V;4,7022085;-74,0419897
Unicentro Valledupar I;10,4877056;-73,261101
Unicentro Valledupar II;10,4877056;-73,261101
Unicentro Vi;4,7022085;-74,0419897
Unicentro Yopal;5,348903;-72,400523
Unicentro Yopal I;5,3482945;-72,3915885
Unicentro Yopal II;5,3482945;-72,3915885
Unidades Tecnológicas De Santander;7,1051874;-73,1251871
Unisur;4,5928386;-74,0954128
Unisur II;4,5867753;-74,0769813
Univ Coop Bucaramanga;7,1290605;-73,1133196
Univ Coop Santa Marta;11,2403547;-74,2110227
Univ Coop Sede Bogotá;4,6261522;-74,0692543
Univ Coop Sede Ibagué;4,4437058;-75,2429541
Univ Coop Sede Medellin;6,2463306;-75,5611051
Univ Coop Sede Pasto;1,2308508;-77,2931409
Univ Coop Sede Villavicencio;4,130314;-73,623564
Univ Mil. Nueva Granada;4,683402;-74,041832
Universidad Central Del Valle;4,0762402;-76,1962111
Universidad De Pamplona;7,8890971;-72,4966896
Universidad Del Rosario Sede Centro;4,6000788;-74,0732928
Universidad Del Rosario Sede Mutis;4,654376;-74,0725435
Universidad Distrital;4,628089;-74,0657842
Universidad Distrital Del Sur;4,5795058;-74,1576885
Universidad Javeriana;4,6271009;-74,0652017
Universidad Libre De Cúcuta;7,9112789;-72,4989967
Universidad Militar Nueva Granada Cajica;4,9425446;-74,012851
Universidad Piloto;4,6329949;-74,065627
Universidad Santo Tomas Floridablanca;7,0781732;-73,1083237
Universidad Santo Tomas Sede Bucaramanga;7,1370175;-73,1285525
Urrao 1;6,3165532;-76,134867
Urrao 2;6,3165532;-76,134867
Valle De Atriz;1,2046711;-77,273051
Valledupar 1;10,4756733;-73,2473244
Valledupar 2;10,4756733;-73,2473244
Valledupar 3;10,4756733;-73,2473244
Venecia;4,5934173;-74,1384096
Venecia 1;4,5934173;-74,1384096
Venecia 2;4,5934173;-74,1384096
Vicpimar;10,3910485;-75,4794257
Victoria Norte;4,7326875;-74,053766
Vida Centro Profesional Cali;3,422772;-76,5422282
Villa De Leyva;5,6342652;-73,5233779
Villagarzon;1,0301685;-76,6156294
Villanueva 2;10,6068906;-72,9779871
Villanueva III;10,6038508;-72,9819185
Villavicencio 1;4,1514814;-73,6373983
Villavicencio 2;4,149348;-73,6129721
Villavicencio 3;4,1514814;-73,6373983
Villavicencio Centro I;4,1518971;-73,6369397
Villavicencio Centro II;4,1518971;-73,6369397
Villeta;5,011706;-74,470362
Viva Centro Comercial Barrancabermeja;7,0606723;-73,8661023
World Trade Center;4,6809454;-74,0420846
World Trade Center Ii;4,6809454;-74,0420846
Xi Brig Montería;8,7401363;-75,9059472
Yopal 1;5,348903;-72,400523
Yopal 3;5,3492193;-72,40118
Yopal 4;5,348903;-72,400523
Yopal 5;5,3492193;-72,40118
Yopal 6;5,348903;-72,400523
Yotoco;4,210851;-76,155749
Yumbo;3,582844;-76,49566
Zaragocilla-Universidad De Cartagena;10,3990929;-75,5030693
Zazue Plaza;11,147595;-74,221848
Zipaquirá Centro II;5,0223949;-74,0057623
Zona Franca Barranquilla;10,9671021;-74,7663859
Zona Franca Fontibón I;4,6720246;-74,1533419
Zona Franca Fontibón II;4,6720246;-74,1533419
;;
;;
;;
;;
;;
;;
;;
;;
;;
;;
